<commonRoad timeStepSize="0.1" commonRoadVersion="2020a" author="Cao Qiuyi" affiliation="Virtual Vehicle, Austria" source="" benchmarkID="ZAM_Generation-1_107_T-1" date="2022-11-16">
  <location>
    <geoNameId>-999</geoNameId>
    <gpsLatitude>999.0</gpsLatitude>
    <gpsLongitude>999.0</gpsLongitude>
  </location>
  <scenarioTags>
    <interstate />
    <critical />
  </scenarioTags>
  <lanelet id="4">
    <leftBound>
      <point>
        <x>128.9242</x>
        <y>18.8481</y>
      </point>
      <point>
        <x>131.1327</x>
        <y>19.4454</y>
      </point>
      <point>
        <x>133.3385</x>
        <y>20.0527</y>
      </point>
      <point>
        <x>135.5415</x>
        <y>20.6702</y>
      </point>
      <point>
        <x>137.7416</x>
        <y>21.2978</y>
      </point>
      <point>
        <x>139.9388</x>
        <y>21.9355</y>
      </point>
      <point>
        <x>142.1331</x>
        <y>22.5833</y>
      </point>
      <point>
        <x>144.3243</x>
        <y>23.2411</y>
      </point>
      <point>
        <x>146.5125</x>
        <y>23.909</y>
      </point>
      <point>
        <x>148.6976</x>
        <y>24.587</y>
      </point>
      <point>
        <x>150.8796</x>
        <y>25.2749</y>
      </point>
      <point>
        <x>153.0584</x>
        <y>25.9729</y>
      </point>
      <point>
        <x>155.234</x>
        <y>26.6809</y>
      </point>
      <point>
        <x>157.4063</x>
        <y>27.3989</y>
      </point>
      <point>
        <x>159.5753</x>
        <y>28.1268</y>
      </point>
      <point>
        <x>161.7409</x>
        <y>28.8647</y>
      </point>
      <point>
        <x>163.9031</x>
        <y>29.6126</y>
      </point>
      <point>
        <x>166.0618</x>
        <y>30.3703</y>
      </point>
      <point>
        <x>168.217</x>
        <y>31.138</y>
      </point>
      <point>
        <x>170.3687</x>
        <y>31.9156</y>
      </point>
    </leftBound>
    <rightBound>
      <point>
        <x>129.8948</x>
        <y>15.2259</y>
      </point>
      <point>
        <x>132.1199</x>
        <y>15.8276</y>
      </point>
      <point>
        <x>134.3423</x>
        <y>16.4396</y>
      </point>
      <point>
        <x>136.5619</x>
        <y>17.0617</y>
      </point>
      <point>
        <x>138.7785</x>
        <y>17.694</y>
      </point>
      <point>
        <x>140.9923</x>
        <y>18.3365</y>
      </point>
      <point>
        <x>143.2031</x>
        <y>18.9892</y>
      </point>
      <point>
        <x>145.4108</x>
        <y>19.652</y>
      </point>
      <point>
        <x>147.6155</x>
        <y>20.3249</y>
      </point>
      <point>
        <x>149.8171</x>
        <y>21.0079</y>
      </point>
      <point>
        <x>152.0155</x>
        <y>21.7011</y>
      </point>
      <point>
        <x>154.2107</x>
        <y>22.4043</y>
      </point>
      <point>
        <x>156.4026</x>
        <y>23.1177</y>
      </point>
      <point>
        <x>158.5913</x>
        <y>23.841</y>
      </point>
      <point>
        <x>160.7766</x>
        <y>24.5745</y>
      </point>
      <point>
        <x>162.9585</x>
        <y>25.3179</y>
      </point>
      <point>
        <x>165.137</x>
        <y>26.0714</y>
      </point>
      <point>
        <x>167.312</x>
        <y>26.8349</y>
      </point>
      <point>
        <x>169.4834</x>
        <y>27.6083</y>
      </point>
      <point>
        <x>171.6513</x>
        <y>28.3917</y>
      </point>
    </rightBound>
    <predecessor ref="3" />
    <adjacentLeft ref="8" drivingDir="same" />
    <laneletType>unknown</laneletType>
  </lanelet>
  <lanelet id="3">
    <leftBound>
      <point>
        <x>86.4984</x>
        <y>9.4426</y>
      </point>
      <point>
        <x>88.7506</x>
        <y>9.845</y>
      </point>
      <point>
        <x>91.001</x>
        <y>10.2578</y>
      </point>
      <point>
        <x>93.2494</x>
        <y>10.681</y>
      </point>
      <point>
        <x>95.4958</x>
        <y>11.1144</y>
      </point>
      <point>
        <x>97.7402</x>
        <y>11.5582</y>
      </point>
      <point>
        <x>99.9826</x>
        <y>12.0123</y>
      </point>
      <point>
        <x>102.2228</x>
        <y>12.4766</y>
      </point>
      <point>
        <x>104.4609</x>
        <y>12.9513</y>
      </point>
      <point>
        <x>106.6968</x>
        <y>13.4362</y>
      </point>
      <point>
        <x>108.9305</x>
        <y>13.9314</y>
      </point>
      <point>
        <x>111.1618</x>
        <y>14.4368</y>
      </point>
      <point>
        <x>113.3908</x>
        <y>14.9525</y>
      </point>
      <point>
        <x>115.6174</x>
        <y>15.4784</y>
      </point>
      <point>
        <x>117.8416</x>
        <y>16.0146</y>
      </point>
      <point>
        <x>120.0633</x>
        <y>16.5609</y>
      </point>
      <point>
        <x>122.2824</x>
        <y>17.1174</y>
      </point>
      <point>
        <x>124.499</x>
        <y>17.6842</y>
      </point>
      <point>
        <x>126.7129</x>
        <y>18.2611</y>
      </point>
      <point>
        <x>128.9242</x>
        <y>18.8481</y>
      </point>
    </leftBound>
    <rightBound>
      <point>
        <x>87.1496</x>
        <y>5.7496</y>
      </point>
      <point>
        <x>89.4188</x>
        <y>6.155</y>
      </point>
      <point>
        <x>91.686</x>
        <y>6.571</y>
      </point>
      <point>
        <x>93.9514</x>
        <y>6.9973</y>
      </point>
      <point>
        <x>96.2147</x>
        <y>7.434</y>
      </point>
      <point>
        <x>98.476</x>
        <y>7.8811</y>
      </point>
      <point>
        <x>100.7353</x>
        <y>8.3386</y>
      </point>
      <point>
        <x>102.9924</x>
        <y>8.8064</y>
      </point>
      <point>
        <x>105.2473</x>
        <y>9.2847</y>
      </point>
      <point>
        <x>107.5001</x>
        <y>9.7732</y>
      </point>
      <point>
        <x>109.7505</x>
        <y>10.2721</y>
      </point>
      <point>
        <x>111.9987</x>
        <y>10.7814</y>
      </point>
      <point>
        <x>114.2444</x>
        <y>11.301</y>
      </point>
      <point>
        <x>116.4878</x>
        <y>11.8308</y>
      </point>
      <point>
        <x>118.7287</x>
        <y>12.371</y>
      </point>
      <point>
        <x>120.9671</x>
        <y>12.9215</y>
      </point>
      <point>
        <x>123.203</x>
        <y>13.4822</y>
      </point>
      <point>
        <x>125.4362</x>
        <y>14.0532</y>
      </point>
      <point>
        <x>127.6668</x>
        <y>14.6344</y>
      </point>
      <point>
        <x>129.8948</x>
        <y>15.2259</y>
      </point>
    </rightBound>
    <predecessor ref="2" />
    <successor ref="4" />
    <adjacentLeft ref="7" drivingDir="same" />
    <laneletType>unknown</laneletType>
  </lanelet>
  <lanelet id="2">
    <leftBound>
      <point>
        <x>43.4144</x>
        <y>3.7705</y>
      </point>
      <point>
        <x>45.6931</x>
        <y>3.9751</y>
      </point>
      <point>
        <x>47.9708</x>
        <y>4.1902</y>
      </point>
      <point>
        <x>50.2476</x>
        <y>4.4158</y>
      </point>
      <point>
        <x>52.5232</x>
        <y>4.6518</y>
      </point>
      <point>
        <x>54.7978</x>
        <y>4.8982</y>
      </point>
      <point>
        <x>57.0712</x>
        <y>5.1551</y>
      </point>
      <point>
        <x>59.3434</x>
        <y>5.4225</y>
      </point>
      <point>
        <x>61.6143</x>
        <y>5.7003</y>
      </point>
      <point>
        <x>63.884</x>
        <y>5.9885</y>
      </point>
      <point>
        <x>66.1523</x>
        <y>6.2871</y>
      </point>
      <point>
        <x>68.4192</x>
        <y>6.5961</y>
      </point>
      <point>
        <x>70.6847</x>
        <y>6.9156</y>
      </point>
      <point>
        <x>72.9486</x>
        <y>7.2454</y>
      </point>
      <point>
        <x>75.2111</x>
        <y>7.5857</y>
      </point>
      <point>
        <x>77.4719</x>
        <y>7.9363</y>
      </point>
      <point>
        <x>79.7311</x>
        <y>8.2973</y>
      </point>
      <point>
        <x>81.9886</x>
        <y>8.6687</y>
      </point>
      <point>
        <x>84.2444</x>
        <y>9.0505</y>
      </point>
      <point>
        <x>86.4984</x>
        <y>9.4426</y>
      </point>
    </leftBound>
    <rightBound>
      <point>
        <x>43.7412</x>
        <y>0.0347</y>
      </point>
      <point>
        <x>46.0371</x>
        <y>0.2409</y>
      </point>
      <point>
        <x>48.332</x>
        <y>0.4576</y>
      </point>
      <point>
        <x>50.6258</x>
        <y>0.6849</y>
      </point>
      <point>
        <x>52.9186</x>
        <y>0.9227</y>
      </point>
      <point>
        <x>55.2103</x>
        <y>1.171</y>
      </point>
      <point>
        <x>57.5008</x>
        <y>1.4298</y>
      </point>
      <point>
        <x>59.7901</x>
        <y>1.6992</y>
      </point>
      <point>
        <x>62.0782</x>
        <y>1.9791</y>
      </point>
      <point>
        <x>64.3649</x>
        <y>2.2694</y>
      </point>
      <point>
        <x>66.6503</x>
        <y>2.5703</y>
      </point>
      <point>
        <x>68.9343</x>
        <y>2.8817</y>
      </point>
      <point>
        <x>71.2168</x>
        <y>3.2035</y>
      </point>
      <point>
        <x>73.4978</x>
        <y>3.5359</y>
      </point>
      <point>
        <x>75.7773</x>
        <y>3.8787</y>
      </point>
      <point>
        <x>78.0551</x>
        <y>4.232</y>
      </point>
      <point>
        <x>80.3313</x>
        <y>4.5957</y>
      </point>
      <point>
        <x>82.6059</x>
        <y>4.9699</y>
      </point>
      <point>
        <x>84.8786</x>
        <y>5.3545</y>
      </point>
      <point>
        <x>87.1496</x>
        <y>5.7496</y>
      </point>
    </rightBound>
    <predecessor ref="1" />
    <successor ref="3" />
    <adjacentLeft ref="6" drivingDir="same" />
    <laneletType>unknown</laneletType>
  </lanelet>
  <lanelet id="6">
    <leftBound>
      <point>
        <x>43.0877</x>
        <y>7.5052</y>
      </point>
      <point>
        <x>45.3492</x>
        <y>7.7083</y>
      </point>
      <point>
        <x>47.6098</x>
        <y>7.9218</y>
      </point>
      <point>
        <x>49.8694</x>
        <y>8.1456</y>
      </point>
      <point>
        <x>52.1279</x>
        <y>8.3799</y>
      </point>
      <point>
        <x>54.3854</x>
        <y>8.6245</y>
      </point>
      <point>
        <x>56.6417</x>
        <y>8.8795</y>
      </point>
      <point>
        <x>58.8968</x>
        <y>9.1448</y>
      </point>
      <point>
        <x>61.1506</x>
        <y>9.4205</y>
      </point>
      <point>
        <x>63.4032</x>
        <y>9.7065</y>
      </point>
      <point>
        <x>65.6544</x>
        <y>10.0029</y>
      </point>
      <point>
        <x>67.9043</x>
        <y>10.3096</y>
      </point>
      <point>
        <x>70.1527</x>
        <y>10.6267</y>
      </point>
      <point>
        <x>72.3996</x>
        <y>10.954</y>
      </point>
      <point>
        <x>74.645</x>
        <y>11.2917</y>
      </point>
      <point>
        <x>76.8888</x>
        <y>11.6397</y>
      </point>
      <point>
        <x>79.131</x>
        <y>11.998</y>
      </point>
      <point>
        <x>81.3716</x>
        <y>12.3666</y>
      </point>
      <point>
        <x>83.6104</x>
        <y>12.7455</y>
      </point>
      <point>
        <x>85.8474</x>
        <y>13.1346</y>
      </point>
    </leftBound>
    <rightBound>
      <point>
        <x>43.4144</x>
        <y>3.7705</y>
      </point>
      <point>
        <x>45.6931</x>
        <y>3.9751</y>
      </point>
      <point>
        <x>47.9708</x>
        <y>4.1902</y>
      </point>
      <point>
        <x>50.2476</x>
        <y>4.4158</y>
      </point>
      <point>
        <x>52.5232</x>
        <y>4.6518</y>
      </point>
      <point>
        <x>54.7978</x>
        <y>4.8982</y>
      </point>
      <point>
        <x>57.0712</x>
        <y>5.1551</y>
      </point>
      <point>
        <x>59.3434</x>
        <y>5.4225</y>
      </point>
      <point>
        <x>61.6143</x>
        <y>5.7003</y>
      </point>
      <point>
        <x>63.884</x>
        <y>5.9885</y>
      </point>
      <point>
        <x>66.1523</x>
        <y>6.2871</y>
      </point>
      <point>
        <x>68.4192</x>
        <y>6.5961</y>
      </point>
      <point>
        <x>70.6847</x>
        <y>6.9156</y>
      </point>
      <point>
        <x>72.9486</x>
        <y>7.2454</y>
      </point>
      <point>
        <x>75.2111</x>
        <y>7.5857</y>
      </point>
      <point>
        <x>77.4719</x>
        <y>7.9363</y>
      </point>
      <point>
        <x>79.7311</x>
        <y>8.2973</y>
      </point>
      <point>
        <x>81.9886</x>
        <y>8.6687</y>
      </point>
      <point>
        <x>84.2444</x>
        <y>9.0505</y>
      </point>
      <point>
        <x>86.4984</x>
        <y>9.4426</y>
      </point>
    </rightBound>
    <predecessor ref="1" />
    <successor ref="3" />
    <adjacentRight ref="2" drivingDir="same" />
    <laneletType>unknown</laneletType>
  </lanelet>
  <lanelet id="8">
    <leftBound>
      <point>
        <x>127.9539</x>
        <y>22.4694</y>
      </point>
      <point>
        <x>130.1458</x>
        <y>23.0621</y>
      </point>
      <point>
        <x>132.335</x>
        <y>23.6649</y>
      </point>
      <point>
        <x>134.5214</x>
        <y>24.2777</y>
      </point>
      <point>
        <x>136.7049</x>
        <y>24.9006</y>
      </point>
      <point>
        <x>138.8856</x>
        <y>25.5335</y>
      </point>
      <point>
        <x>141.0633</x>
        <y>26.1764</y>
      </point>
      <point>
        <x>143.2381</x>
        <y>26.8293</y>
      </point>
      <point>
        <x>145.4098</x>
        <y>27.4922</y>
      </point>
      <point>
        <x>147.5785</x>
        <y>28.165</y>
      </point>
      <point>
        <x>149.7441</x>
        <y>28.8478</y>
      </point>
      <point>
        <x>151.9065</x>
        <y>29.5406</y>
      </point>
      <point>
        <x>154.0657</x>
        <y>30.2432</y>
      </point>
      <point>
        <x>156.2216</x>
        <y>30.9558</y>
      </point>
      <point>
        <x>158.3743</x>
        <y>31.6783</y>
      </point>
      <point>
        <x>160.5236</x>
        <y>32.4106</y>
      </point>
      <point>
        <x>162.6695</x>
        <y>33.1528</y>
      </point>
      <point>
        <x>164.812</x>
        <y>33.9049</y>
      </point>
      <point>
        <x>166.951</x>
        <y>34.6668</y>
      </point>
      <point>
        <x>169.0865</x>
        <y>35.4385</y>
      </point>
    </leftBound>
    <rightBound>
      <point>
        <x>128.9242</x>
        <y>18.8481</y>
      </point>
      <point>
        <x>131.1327</x>
        <y>19.4454</y>
      </point>
      <point>
        <x>133.3385</x>
        <y>20.0527</y>
      </point>
      <point>
        <x>135.5415</x>
        <y>20.6702</y>
      </point>
      <point>
        <x>137.7416</x>
        <y>21.2978</y>
      </point>
      <point>
        <x>139.9388</x>
        <y>21.9355</y>
      </point>
      <point>
        <x>142.1331</x>
        <y>22.5833</y>
      </point>
      <point>
        <x>144.3243</x>
        <y>23.2411</y>
      </point>
      <point>
        <x>146.5125</x>
        <y>23.909</y>
      </point>
      <point>
        <x>148.6976</x>
        <y>24.587</y>
      </point>
      <point>
        <x>150.8796</x>
        <y>25.2749</y>
      </point>
      <point>
        <x>153.0584</x>
        <y>25.9729</y>
      </point>
      <point>
        <x>155.234</x>
        <y>26.6809</y>
      </point>
      <point>
        <x>157.4063</x>
        <y>27.3989</y>
      </point>
      <point>
        <x>159.5753</x>
        <y>28.1268</y>
      </point>
      <point>
        <x>161.7409</x>
        <y>28.8647</y>
      </point>
      <point>
        <x>163.9031</x>
        <y>29.6126</y>
      </point>
      <point>
        <x>166.0618</x>
        <y>30.3703</y>
      </point>
      <point>
        <x>168.217</x>
        <y>31.138</y>
      </point>
      <point>
        <x>170.3687</x>
        <y>31.9156</y>
      </point>
    </rightBound>
    <predecessor ref="3" />
    <adjacentRight ref="4" drivingDir="same" />
    <laneletType>unknown</laneletType>
  </lanelet>
  <lanelet id="5">
    <leftBound>
      <point>
        <x>-0.0</x>
        <y>5.625</y>
      </point>
      <point>
        <x>2.2706</x>
        <y>5.6302</y>
      </point>
      <point>
        <x>4.5412</x>
        <y>5.6458</y>
      </point>
      <point>
        <x>6.8117</x>
        <y>5.6719</y>
      </point>
      <point>
        <x>9.082</x>
        <y>5.7084</y>
      </point>
      <point>
        <x>11.3522</x>
        <y>5.7553</y>
      </point>
      <point>
        <x>13.6221</x>
        <y>5.8127</y>
      </point>
      <point>
        <x>15.8918</x>
        <y>5.8804</y>
      </point>
      <point>
        <x>18.1611</x>
        <y>5.9586</y>
      </point>
      <point>
        <x>20.43</x>
        <y>6.0473</y>
      </point>
      <point>
        <x>22.6985</x>
        <y>6.1463</y>
      </point>
      <point>
        <x>24.9665</x>
        <y>6.2558</y>
      </point>
      <point>
        <x>27.234</x>
        <y>6.3757</y>
      </point>
      <point>
        <x>29.5009</x>
        <y>6.5059</y>
      </point>
      <point>
        <x>31.7672</x>
        <y>6.6466</y>
      </point>
      <point>
        <x>34.0328</x>
        <y>6.7978</y>
      </point>
      <point>
        <x>36.2977</x>
        <y>6.9593</y>
      </point>
      <point>
        <x>38.5618</x>
        <y>7.1312</y>
      </point>
      <point>
        <x>40.8251</x>
        <y>7.3135</y>
      </point>
      <point>
        <x>43.0876</x>
        <y>7.5062</y>
      </point>
    </leftBound>
    <rightBound>
      <point>
        <x>-0.0</x>
        <y>1.875</y>
      </point>
      <point>
        <x>2.2878</x>
        <y>1.8802</y>
      </point>
      <point>
        <x>4.5756</x>
        <y>1.896</y>
      </point>
      <point>
        <x>6.8634</x>
        <y>1.9222</y>
      </point>
      <point>
        <x>9.1509</x>
        <y>1.959</y>
      </point>
      <point>
        <x>11.4383</x>
        <y>2.0063</y>
      </point>
      <point>
        <x>13.7255</x>
        <y>2.0641</y>
      </point>
      <point>
        <x>16.0123</x>
        <y>2.1324</y>
      </point>
      <point>
        <x>18.2988</x>
        <y>2.2112</y>
      </point>
      <point>
        <x>20.585</x>
        <y>2.3005</y>
      </point>
      <point>
        <x>22.8706</x>
        <y>2.4003</y>
      </point>
      <point>
        <x>25.1559</x>
        <y>2.5106</y>
      </point>
      <point>
        <x>27.4405</x>
        <y>2.6313</y>
      </point>
      <point>
        <x>29.7246</x>
        <y>2.7626</y>
      </point>
      <point>
        <x>32.0081</x>
        <y>2.9044</y>
      </point>
      <point>
        <x>34.2909</x>
        <y>3.0566</y>
      </point>
      <point>
        <x>36.573</x>
        <y>3.2194</y>
      </point>
      <point>
        <x>38.8543</x>
        <y>3.3926</y>
      </point>
      <point>
        <x>41.1348</x>
        <y>3.5763</y>
      </point>
      <point>
        <x>43.4144</x>
        <y>3.7705</y>
      </point>
    </rightBound>
    <successor ref="2" />
    <adjacentRight ref="1" drivingDir="same" />
    <laneletType>unknown</laneletType>
  </lanelet>
  <lanelet id="1">
    <leftBound>
      <point>
        <x>-0.0</x>
        <y>1.875</y>
      </point>
      <point>
        <x>2.2878</x>
        <y>1.8802</y>
      </point>
      <point>
        <x>4.5756</x>
        <y>1.896</y>
      </point>
      <point>
        <x>6.8634</x>
        <y>1.9222</y>
      </point>
      <point>
        <x>9.1509</x>
        <y>1.959</y>
      </point>
      <point>
        <x>11.4383</x>
        <y>2.0063</y>
      </point>
      <point>
        <x>13.7255</x>
        <y>2.0641</y>
      </point>
      <point>
        <x>16.0123</x>
        <y>2.1324</y>
      </point>
      <point>
        <x>18.2988</x>
        <y>2.2112</y>
      </point>
      <point>
        <x>20.585</x>
        <y>2.3005</y>
      </point>
      <point>
        <x>22.8706</x>
        <y>2.4003</y>
      </point>
      <point>
        <x>25.1559</x>
        <y>2.5106</y>
      </point>
      <point>
        <x>27.4405</x>
        <y>2.6313</y>
      </point>
      <point>
        <x>29.7246</x>
        <y>2.7626</y>
      </point>
      <point>
        <x>32.0081</x>
        <y>2.9044</y>
      </point>
      <point>
        <x>34.2909</x>
        <y>3.0566</y>
      </point>
      <point>
        <x>36.573</x>
        <y>3.2194</y>
      </point>
      <point>
        <x>38.8543</x>
        <y>3.3926</y>
      </point>
      <point>
        <x>41.1348</x>
        <y>3.5763</y>
      </point>
      <point>
        <x>43.4144</x>
        <y>3.7705</y>
      </point>
    </leftBound>
    <rightBound>
      <point>
        <x>0.0</x>
        <y>-1.875</y>
      </point>
      <point>
        <x>2.305</x>
        <y>-1.8697</y>
      </point>
      <point>
        <x>4.6101</x>
        <y>-1.8538</y>
      </point>
      <point>
        <x>6.915</x>
        <y>-1.8273</y>
      </point>
      <point>
        <x>9.2198</x>
        <y>-1.7903</y>
      </point>
      <point>
        <x>11.5244</x>
        <y>-1.7426</y>
      </point>
      <point>
        <x>13.8288</x>
        <y>-1.6844</y>
      </point>
      <point>
        <x>16.1329</x>
        <y>-1.6156</y>
      </point>
      <point>
        <x>18.4366</x>
        <y>-1.5362</y>
      </point>
      <point>
        <x>20.7399</x>
        <y>-1.4462</y>
      </point>
      <point>
        <x>23.0428</x>
        <y>-1.3457</y>
      </point>
      <point>
        <x>25.3452</x>
        <y>-1.2346</y>
      </point>
      <point>
        <x>27.6471</x>
        <y>-1.1129</y>
      </point>
      <point>
        <x>29.9484</x>
        <y>-0.9806</y>
      </point>
      <point>
        <x>32.2491</x>
        <y>-0.8378</y>
      </point>
      <point>
        <x>34.5491</x>
        <y>-0.6844</y>
      </point>
      <point>
        <x>36.8483</x>
        <y>-0.5204</y>
      </point>
      <point>
        <x>39.1468</x>
        <y>-0.3459</y>
      </point>
      <point>
        <x>41.4445</x>
        <y>-0.1608</y>
      </point>
      <point>
        <x>43.7412</x>
        <y>0.0347</y>
      </point>
    </rightBound>
    <successor ref="2" />
    <adjacentLeft ref="5" drivingDir="same" />
    <laneletType>unknown</laneletType>
  </lanelet>
  <lanelet id="7">
    <leftBound>
      <point>
        <x>85.8474</x>
        <y>13.1346</y>
      </point>
      <point>
        <x>88.0827</x>
        <y>13.5341</y>
      </point>
      <point>
        <x>90.3161</x>
        <y>13.9438</y>
      </point>
      <point>
        <x>92.5476</x>
        <y>14.3637</y>
      </point>
      <point>
        <x>94.7771</x>
        <y>14.7939</y>
      </point>
      <point>
        <x>97.0046</x>
        <y>15.2343</y>
      </point>
      <point>
        <x>99.2301</x>
        <y>15.685</y>
      </point>
      <point>
        <x>101.4535</x>
        <y>16.1458</y>
      </point>
      <point>
        <x>103.6747</x>
        <y>16.6169</y>
      </point>
      <point>
        <x>105.8938</x>
        <y>17.0982</y>
      </point>
      <point>
        <x>108.1106</x>
        <y>17.5896</y>
      </point>
      <point>
        <x>110.3252</x>
        <y>18.0913</y>
      </point>
      <point>
        <x>112.5374</x>
        <y>18.6031</y>
      </point>
      <point>
        <x>114.7473</x>
        <y>19.125</y>
      </point>
      <point>
        <x>116.9547</x>
        <y>19.6571</y>
      </point>
      <point>
        <x>119.1596</x>
        <y>20.1994</y>
      </point>
      <point>
        <x>121.3621</x>
        <y>20.7517</y>
      </point>
      <point>
        <x>123.562</x>
        <y>21.3142</y>
      </point>
      <point>
        <x>125.7592</x>
        <y>21.8868</y>
      </point>
      <point>
        <x>127.9539</x>
        <y>22.4694</y>
      </point>
    </leftBound>
    <rightBound>
      <point>
        <x>86.4984</x>
        <y>9.4426</y>
      </point>
      <point>
        <x>88.7506</x>
        <y>9.845</y>
      </point>
      <point>
        <x>91.001</x>
        <y>10.2578</y>
      </point>
      <point>
        <x>93.2494</x>
        <y>10.681</y>
      </point>
      <point>
        <x>95.4958</x>
        <y>11.1144</y>
      </point>
      <point>
        <x>97.7402</x>
        <y>11.5582</y>
      </point>
      <point>
        <x>99.9826</x>
        <y>12.0123</y>
      </point>
      <point>
        <x>102.2228</x>
        <y>12.4766</y>
      </point>
      <point>
        <x>104.4609</x>
        <y>12.9513</y>
      </point>
      <point>
        <x>106.6968</x>
        <y>13.4362</y>
      </point>
      <point>
        <x>108.9305</x>
        <y>13.9314</y>
      </point>
      <point>
        <x>111.1618</x>
        <y>14.4368</y>
      </point>
      <point>
        <x>113.3908</x>
        <y>14.9525</y>
      </point>
      <point>
        <x>115.6174</x>
        <y>15.4784</y>
      </point>
      <point>
        <x>117.8416</x>
        <y>16.0146</y>
      </point>
      <point>
        <x>120.0633</x>
        <y>16.5609</y>
      </point>
      <point>
        <x>122.2824</x>
        <y>17.1174</y>
      </point>
      <point>
        <x>124.499</x>
        <y>17.6842</y>
      </point>
      <point>
        <x>126.7129</x>
        <y>18.2611</y>
      </point>
      <point>
        <x>128.9242</x>
        <y>18.8481</y>
      </point>
    </rightBound>
    <predecessor ref="2" />
    <successor ref="4" />
    <adjacentRight ref="3" drivingDir="same" />
    <laneletType>unknown</laneletType>
  </lanelet>
  <staticObstacle id="91">
    <type>unknown</type>
    <shape>
      <polygon>
        <point>
          <x>133.4462</x>
          <y>18.1452</y>
        </point>
        <point>
          <x>133.5455</x>
          <y>18.0808</y>
        </point>
        <point>
          <x>133.5885</x>
          <y>17.9624</y>
        </point>
        <point>
          <x>133.4773</x>
          <y>17.9575</y>
        </point>
        <point>
          <x>133.4009</x>
          <y>18.0223</y>
        </point>
        <point>
          <x>133.3714</x>
          <y>18.1060</y>
        </point>
        <point>
          <x>133.4462</x>
          <y>18.1452</y>
        </point>
      </polygon>
    </shape>
    <initialState>
      <position>
        <point>
          <x>0.0</x>
          <y>0.0</y>
        </point>
      </position>
      <orientation>
        <exact>0.0</exact>
      </orientation>
      <time>
        <exact>0</exact>
      </time>
    </initialState>
  </staticObstacle>
  <staticObstacle id="102">
    <type>unknown</type>
    <shape>
      <polygon>
        <point>
          <x>144.4511</x>
          <y>22.8442</y>
        </point>
        <point>
          <x>144.4447</x>
          <y>22.7256</y>
        </point>
        <point>
          <x>144.4329</x>
          <y>22.7069</y>
        </point>
        <point>
          <x>144.3656</x>
          <y>22.6770</y>
        </point>
        <point>
          <x>144.3388</x>
          <y>22.6777</y>
        </point>
        <point>
          <x>144.3283</x>
          <y>22.6950</y>
        </point>
        <point>
          <x>144.3346</x>
          <y>22.7759</y>
        </point>
        <point>
          <x>144.3458</x>
          <y>22.7921</y>
        </point>
        <point>
          <x>144.3957</x>
          <y>22.8567</y>
        </point>
        <point>
          <x>144.4511</x>
          <y>22.8442</y>
        </point>
      </polygon>
    </shape>
    <initialState>
      <position>
        <point>
          <x>0.0</x>
          <y>0.0</y>
        </point>
      </position>
      <orientation>
        <exact>0.0</exact>
      </orientation>
      <time>
        <exact>0</exact>
      </time>
    </initialState>
  </staticObstacle>
  <staticObstacle id="111">
    <type>unknown</type>
    <shape>
      <polygon>
        <point>
          <x>144.0953</x>
          <y>20.5008</y>
        </point>
        <point>
          <x>144.1686</x>
          <y>20.5877</y>
        </point>
        <point>
          <x>144.2988</x>
          <y>20.5711</y>
        </point>
        <point>
          <x>144.2888</x>
          <y>20.5061</y>
        </point>
        <point>
          <x>144.2774</x>
          <y>20.4693</y>
        </point>
        <point>
          <x>144.1375</x>
          <y>20.4049</y>
        </point>
        <point>
          <x>144.0953</x>
          <y>20.5008</y>
        </point>
      </polygon>
    </shape>
    <initialState>
      <position>
        <point>
          <x>0.0</x>
          <y>0.0</y>
        </point>
      </position>
      <orientation>
        <exact>0.0</exact>
      </orientation>
      <time>
        <exact>0</exact>
      </time>
    </initialState>
  </staticObstacle>
  <staticObstacle id="122">
    <type>unknown</type>
    <shape>
      <polygon>
        <point>
          <x>137.2723</x>
          <y>18.8939</y>
        </point>
        <point>
          <x>136.2493</x>
          <y>18.6070</y>
        </point>
        <point>
          <x>135.8078</x>
          <y>18.4841</y>
        </point>
        <point>
          <x>135.7140</x>
          <y>18.4660</y>
        </point>
        <point>
          <x>135.6410</x>
          <y>18.4571</y>
        </point>
        <point>
          <x>136.6396</x>
          <y>18.7512</y>
        </point>
        <point>
          <x>136.8367</x>
          <y>18.8089</y>
        </point>
        <point>
          <x>136.9153</x>
          <y>18.8305</y>
        </point>
        <point>
          <x>137.3066</x>
          <y>18.9370</y>
        </point>
        <point>
          <x>137.2723</x>
          <y>18.8939</y>
        </point>
      </polygon>
    </shape>
    <initialState>
      <position>
        <point>
          <x>0.0</x>
          <y>0.0</y>
        </point>
      </position>
      <orientation>
        <exact>0.0</exact>
      </orientation>
      <time>
        <exact>0</exact>
      </time>
    </initialState>
  </staticObstacle>
  <staticObstacle id="131">
    <type>unknown</type>
    <shape>
      <polygon>
        <point>
          <x>128.0167</x>
          <y>17.5045</y>
        </point>
        <point>
          <x>128.0140</x>
          <y>17.4925</y>
        </point>
        <point>
          <x>128.0028</x>
          <y>17.4749</y>
        </point>
        <point>
          <x>127.9874</x>
          <y>17.4899</y>
        </point>
        <point>
          <x>127.9835</x>
          <y>17.5035</y>
        </point>
        <point>
          <x>127.9827</x>
          <y>17.5157</y>
        </point>
        <point>
          <x>127.9901</x>
          <y>17.5216</y>
        </point>
        <point>
          <x>128.0115</x>
          <y>17.5256</y>
        </point>
        <point>
          <x>128.0167</x>
          <y>17.5045</y>
        </point>
      </polygon>
    </shape>
    <initialState>
      <position>
        <point>
          <x>0.0</x>
          <y>0.0</y>
        </point>
      </position>
      <orientation>
        <exact>0.0</exact>
      </orientation>
      <time>
        <exact>0</exact>
      </time>
    </initialState>
  </staticObstacle>
  <staticObstacle id="142">
    <type>unknown</type>
    <shape>
      <polygon>
        <point>
          <x>147.3819</x>
          <y>18.9943</y>
        </point>
        <point>
          <x>145.8863</x>
          <y>19.7952</y>
        </point>
        <point>
          <x>145.2969</x>
          <y>20.8552</y>
        </point>
        <point>
          <x>147.7057</x>
          <y>22.3506</y>
        </point>
        <point>
          <x>147.8392</x>
          <y>22.2611</y>
        </point>
        <point>
          <x>148.3508</x>
          <y>20.9760</y>
        </point>
        <point>
          <x>147.3819</x>
          <y>18.9943</y>
        </point>
      </polygon>
    </shape>
    <initialState>
      <position>
        <point>
          <x>0.0</x>
          <y>0.0</y>
        </point>
      </position>
      <orientation>
        <exact>0.0</exact>
      </orientation>
      <time>
        <exact>0</exact>
      </time>
    </initialState>
  </staticObstacle>
  <staticObstacle id="151">
    <type>unknown</type>
    <shape>
      <polygon>
        <point>
          <x>109.5894</x>
          <y>15.2655</y>
        </point>
        <point>
          <x>112.9300</x>
          <y>15.3896</y>
        </point>
        <point>
          <x>113.4011</x>
          <y>14.0033</y>
        </point>
        <point>
          <x>113.1103</x>
          <y>11.6683</y>
        </point>
        <point>
          <x>110.8520</x>
          <y>10.8910</y>
        </point>
        <point>
          <x>109.5894</x>
          <y>15.2655</y>
        </point>
      </polygon>
    </shape>
    <initialState>
      <position>
        <point>
          <x>0.0</x>
          <y>0.0</y>
        </point>
      </position>
      <orientation>
        <exact>0.0</exact>
      </orientation>
      <time>
        <exact>0</exact>
      </time>
    </initialState>
  </staticObstacle>
  <staticObstacle id="161">
    <type>unknown</type>
    <shape>
      <polygon>
        <point>
          <x>119.2106</x>
          <y>16.1055</y>
        </point>
        <point>
          <x>119.2569</x>
          <y>16.2072</y>
        </point>
        <point>
          <x>119.3867</x>
          <y>16.1078</y>
        </point>
        <point>
          <x>119.4088</x>
          <y>16.0734</y>
        </point>
        <point>
          <x>119.3294</x>
          <y>16.0052</y>
        </point>
        <point>
          <x>119.2308</x>
          <y>15.9427</y>
        </point>
        <point>
          <x>119.2106</x>
          <y>16.1055</y>
        </point>
      </polygon>
    </shape>
    <initialState>
      <position>
        <point>
          <x>0.0</x>
          <y>0.0</y>
        </point>
      </position>
      <orientation>
        <exact>0.0</exact>
      </orientation>
      <time>
        <exact>0</exact>
      </time>
    </initialState>
  </staticObstacle>
  <staticObstacle id="171">
    <type>unknown</type>
    <shape>
      <polygon>
        <point>
          <x>139.5794</x>
          <y>18.4318</y>
        </point>
        <point>
          <x>138.7320</x>
          <y>18.5464</y>
        </point>
        <point>
          <x>136.2554</x>
          <y>20.6922</y>
        </point>
        <point>
          <x>137.5382</x>
          <y>21.6585</y>
        </point>
        <point>
          <x>139.7201</x>
          <y>21.2392</y>
        </point>
        <point>
          <x>140.9423</x>
          <y>20.7787</y>
        </point>
        <point>
          <x>139.5794</x>
          <y>18.4318</y>
        </point>
      </polygon>
    </shape>
    <initialState>
      <position>
        <point>
          <x>0.0</x>
          <y>0.0</y>
        </point>
      </position>
      <orientation>
        <exact>0.0</exact>
      </orientation>
      <time>
        <exact>0</exact>
      </time>
    </initialState>
  </staticObstacle>
  <planningProblem id="24">
    <initialState>
      <position>
        <point>
          <x>0.0</x>
          <y>0.0</y>
        </point>
      </position>
      <orientation>
        <exact>0.0</exact>
      </orientation>
      <time>
        <exact>0</exact>
      </time>
      <velocity>
        <exact>20.0</exact>
      </velocity>
      <yawRate>
        <exact>0.0</exact>
      </yawRate>
      <slipAngle>
        <exact>0.0</exact>
      </slipAngle>
    </initialState>
    <goalState>
      <position>
        <rectangle>
          <length>1.0</length>
          <width>1.0</width>
          <orientation>0.0</orientation>
          <center>
            <x>171.0</x>
            <y>30.15</y>
          </center>
        </rectangle>
      </position>
      <orientation>
        <intervalStart>0.249</intervalStart>
        <intervalEnd>0.449</intervalEnd>
      </orientation>
      <time>
        <intervalStart>60</intervalStart>
        <intervalEnd>150</intervalEnd>
      </time>
    </goalState>
  </planningProblem>
</commonRoad>